{
  "project_info": {
    "project_number": "525013288197",
    "firebase_url": "https://final-7ed07.firebaseio.com",
    "project_id": "final-7ed07",
    "storage_bucket": "final-7ed07.appspot.com"
  },
  "client": [
    {
      "client_info": {
        "mobilesdk_app_id": "1:525013288197:android:d7e81c0007793e34",
        "android_client_info": {
          "package_name": "com.google.firebase.codelab.image_labeling"
        }
      },
      "oauth_client": [
        {
          "client_id": "525013288197-8ff6tk65isnfcrkr7jae6aamlogict47.apps.googleusercontent.com",
          "client_type": 3
        }
      ],
      "api_key": [
        {
          "current_key": "AIzaSyBAvIM1ow5vaTQN3KEHo3WjrBpnW4BwWm8"
        }
      ],
      "services": {
        "analytics_service": {
          "status": 1
        },
        "appinvite_service": {
          "status": 1,
          "other_platform_oauth_client": []
        },
        "ads_service": {
          "status": 2
        }
      }
    }
  ],
  "configuration_version": "1"
}